time_iso8601,clones_total,clones_unique,views_total,views_unique
2022-06-15 00:00:00+00:00,1,1,48,13
2022-06-16 00:00:00+00:00,4,2,81,23
2022-06-17 00:00:00+00:00,1,1,27,15
2022-06-18 00:00:00+00:00,1,1,2,2
2022-06-19 00:00:00+00:00,1,1,12,7
2022-06-20 00:00:00+00:00,1,1,69,40
2022-06-21 00:00:00+00:00,1,1,121,49
2022-06-22 00:00:00+00:00,2,2,90,20
2022-06-23 00:00:00+00:00,1,1,74,29
2022-06-24 00:00:00+00:00,1,1,35,21
2022-06-25 00:00:00+00:00,1,1,1,1
2022-06-26 00:00:00+00:00,1,1,8,5
2022-06-27 00:00:00+00:00,1,1,63,25
2022-06-28 00:00:00+00:00,3,3,61,22
2022-06-29 00:00:00+00:00,33,19,203,39
2022-06-30 00:00:00+00:00,5,5,77,27
2022-07-01 00:00:00+00:00,4,4,24,17
2022-07-02 00:00:00+00:00,4,4,14,5
2022-07-03 00:00:00+00:00,3,3,25,5
2022-07-04 00:00:00+00:00,5,5,58,21
2022-07-05 00:00:00+00:00,5,5,228,29
2022-07-06 00:00:00+00:00,5,5,82,23
2022-07-07 00:00:00+00:00,5,5,79,22
2022-07-08 00:00:00+00:00,5,4,69,28
2022-07-09 00:00:00+00:00,4,4,6,4
2022-07-10 00:00:00+00:00,3,3,4,2
2022-07-11 00:00:00+00:00,3,3,67,23
2022-07-12 00:00:00+00:00,3,3,58,26
2022-07-13 00:00:00+00:00,4,4,68,19
2022-07-14 00:00:00+00:00,5,5,65,21
2022-07-15 00:00:00+00:00,4,4,23,12
2022-07-16 00:00:00+00:00,4,4,7,5
2022-07-17 00:00:00+00:00,3,3,16,4
2022-07-18 00:00:00+00:00,3,3,58,23
2022-07-19 00:00:00+00:00,3,3,62,19
2022-07-20 00:00:00+00:00,3,3,58,16
2022-07-21 00:00:00+00:00,5,5,91,24
2022-07-22 00:00:00+00:00,4,4,39,20
2022-07-23 00:00:00+00:00,3,3,26,8
2022-07-24 00:00:00+00:00,6,6,8,5
2022-07-25 00:00:00+00:00,3,3,36,13
2022-07-26 00:00:00+00:00,5,5,630,74
2022-07-27 00:00:00+00:00,4,4,981,142
2022-07-28 00:00:00+00:00,9,7,304,127
2022-07-29 00:00:00+00:00,4,4,185,68
2022-07-30 00:00:00+00:00,4,4,39,18
2022-07-31 00:00:00+00:00,4,4,66,23
2022-08-01 00:00:00+00:00,4,4,253,89
2022-08-02 00:00:00+00:00,4,4,161,69
2022-08-03 00:00:00+00:00,6,5,135,50
2022-08-04 00:00:00+00:00,3,3,220,88
2022-08-05 00:00:00+00:00,4,4,111,50
2022-08-06 00:00:00+00:00,6,5,39,15
2022-08-07 00:00:00+00:00,4,4,45,22
2022-08-08 00:00:00+00:00,5,5,167,62
2022-08-09 00:00:00+00:00,5,5,136,43
2022-08-10 00:00:00+00:00,4,4,82,38
2022-08-11 00:00:00+00:00,3,3,61,31
2022-08-12 00:00:00+00:00,4,4,106,45
2022-08-13 00:00:00+00:00,3,3,9,7
2022-08-14 00:00:00+00:00,4,4,44,15
2022-08-15 00:00:00+00:00,3,3,125,48
2022-08-16 00:00:00+00:00,7,5,198,63
2022-08-17 00:00:00+00:00,4,4,647,278
2022-08-18 00:00:00+00:00,5,5,199,83
2022-08-19 00:00:00+00:00,4,4,167,59
2022-08-20 00:00:00+00:00,3,3,25,12
2022-08-21 00:00:00+00:00,3,3,31,19
2022-08-22 00:00:00+00:00,3,3,134,72
2022-08-23 00:00:00+00:00,3,3,172,71
2022-08-24 00:00:00+00:00,3,3,110,44
2022-08-25 00:00:00+00:00,4,4,54,30
2022-08-26 00:00:00+00:00,6,6,63,37
2022-08-27 00:00:00+00:00,4,4,12,7
2022-08-28 00:00:00+00:00,3,3,35,18
2022-08-29 00:00:00+00:00,3,3,113,52
2022-08-30 00:00:00+00:00,3,3,110,45
2022-08-31 00:00:00+00:00,5,5,64,32
2022-09-01 00:00:00+00:00,4,4,91,40
2022-09-02 00:00:00+00:00,3,3,53,28
2022-09-03 00:00:00+00:00,3,3,23,9
2022-09-04 00:00:00+00:00,5,5,23,11
2022-09-05 00:00:00+00:00,3,3,83,33
2022-09-06 00:00:00+00:00,3,3,99,43
2022-09-07 00:00:00+00:00,3,3,52,32
2022-09-08 00:00:00+00:00,5,4,102,40
2022-09-09 00:00:00+00:00,4,4,57,31
2022-09-10 00:00:00+00:00,3,3,10,8
2022-09-11 00:00:00+00:00,3,3,13,10
2022-09-12 00:00:00+00:00,4,4,77,35
2022-09-13 00:00:00+00:00,4,4,122,50
2022-09-14 00:00:00+00:00,5,5,156,50
2022-09-15 00:00:00+00:00,4,4,173,52
2022-09-16 00:00:00+00:00,3,3,84,38
2022-09-17 00:00:00+00:00,4,4,24,8
2022-09-18 00:00:00+00:00,3,3,53,13
2022-09-19 00:00:00+00:00,3,3,112,53
2022-09-20 00:00:00+00:00,3,3,145,55
2022-09-21 00:00:00+00:00,3,3,127,44
2022-09-22 00:00:00+00:00,3,3,106,47
2022-09-23 00:00:00+00:00,4,4,107,57
2022-09-24 00:00:00+00:00,4,4,41,11
2022-09-25 00:00:00+00:00,4,4,12,9
2022-09-26 00:00:00+00:00,3,3,92,43
2022-09-27 00:00:00+00:00,4,4,70,34
2022-09-28 00:00:00+00:00,4,4,100,36
2022-09-29 00:00:00+00:00,3,3,101,46
2022-09-30 00:00:00+00:00,5,4,85,29
2022-10-01 00:00:00+00:00,4,4,9,6
2022-10-02 00:00:00+00:00,3,3,27,6
2022-10-03 00:00:00+00:00,3,3,87,39
2022-10-04 00:00:00+00:00,3,3,84,39
2022-10-05 00:00:00+00:00,3,3,108,40
2022-10-06 00:00:00+00:00,4,4,105,47
2022-10-07 00:00:00+00:00,5,4,75,26
2022-10-08 00:00:00+00:00,5,5,14,8
2022-10-09 00:00:00+00:00,4,4,14,9
2022-10-10 00:00:00+00:00,4,4,81,28
2022-10-11 00:00:00+00:00,3,3,79,38
2022-10-12 00:00:00+00:00,4,4,142,53
2022-10-13 00:00:00+00:00,3,3,70,35
2022-10-14 00:00:00+00:00,6,5,95,28
2022-10-15 00:00:00+00:00,4,4,25,8
2022-10-16 00:00:00+00:00,4,4,12,11
2022-10-17 00:00:00+00:00,4,4,78,35
2022-10-18 00:00:00+00:00,3,3,104,60
2022-10-19 00:00:00+00:00,3,3,87,44
2022-10-20 00:00:00+00:00,3,3,155,67
2022-10-21 00:00:00+00:00,4,4,94,43
2022-10-22 00:00:00+00:00,4,4,6,3
2022-10-23 00:00:00+00:00,3,3,36,14
2022-10-24 00:00:00+00:00,4,4,88,43
2022-10-25 00:00:00+00:00,7,7,122,51
2022-10-26 00:00:00+00:00,3,3,173,98
2022-10-27 00:00:00+00:00,4,4,147,59
2022-10-28 00:00:00+00:00,5,5,76,27
2022-10-29 00:00:00+00:00,3,3,31,13
2022-10-30 00:00:00+00:00,3,3,21,9
2022-10-31 00:00:00+00:00,3,3,80,38
2022-11-01 00:00:00+00:00,5,5,102,46
2022-11-02 00:00:00+00:00,6,6,113,46
2022-11-03 00:00:00+00:00,5,5,107,39
2022-11-04 00:00:00+00:00,3,3,80,44
2022-11-05 00:00:00+00:00,3,3,11,5
2022-11-06 00:00:00+00:00,3,3,12,7
2022-11-07 00:00:00+00:00,6,6,145,51
2022-11-08 00:00:00+00:00,2,2,149,44
2022-11-09 00:00:00+00:00,8,8,96,49
2022-11-10 00:00:00+00:00,3,3,90,36
2022-11-11 00:00:00+00:00,4,4,104,40
2022-11-12 00:00:00+00:00,4,4,19,8
2022-11-13 00:00:00+00:00,3,3,50,10
2022-11-14 00:00:00+00:00,5,5,81,34
2022-11-15 00:00:00+00:00,3,3,64,32
2022-11-16 00:00:00+00:00,3,3,127,62
2022-11-17 00:00:00+00:00,3,3,102,44
2022-11-18 00:00:00+00:00,3,3,101,45
2022-11-19 00:00:00+00:00,3,3,22,8
2022-11-20 00:00:00+00:00,4,4,11,8
2022-11-21 00:00:00+00:00,3,3,115,45
2022-11-22 00:00:00+00:00,5,5,82,30
2022-11-23 00:00:00+00:00,3,3,73,36
2022-11-24 00:00:00+00:00,4,4,60,31
2022-11-25 00:00:00+00:00,3,3,52,30
2022-11-26 00:00:00+00:00,3,3,9,8
2022-11-27 00:00:00+00:00,3,3,32,11
2022-11-28 00:00:00+00:00,3,3,65,31
2022-11-29 00:00:00+00:00,4,4,107,43
2022-11-30 00:00:00+00:00,3,3,110,44
2022-12-01 00:00:00+00:00,4,4,174,74
2022-12-02 00:00:00+00:00,4,4,87,40
2022-12-03 00:00:00+00:00,3,3,22,9
2022-12-04 00:00:00+00:00,3,3,26,10
2022-12-05 00:00:00+00:00,4,4,152,54
2022-12-06 00:00:00+00:00,7,5,115,60
2022-12-07 00:00:00+00:00,7,5,81,39
2022-12-08 00:00:00+00:00,4,4,95,32
2022-12-09 00:00:00+00:00,3,3,72,27
2022-12-10 00:00:00+00:00,3,3,26,13
2022-12-11 00:00:00+00:00,3,3,25,8
2022-12-12 00:00:00+00:00,4,4,109,33
2022-12-13 00:00:00+00:00,4,4,76,29
2022-12-14 00:00:00+00:00,3,3,134,48
2022-12-15 00:00:00+00:00,5,5,72,31
2022-12-16 00:00:00+00:00,3,3,63,32
2022-12-17 00:00:00+00:00,4,4,8,7
2022-12-18 00:00:00+00:00,3,3,34,5
2022-12-19 00:00:00+00:00,3,3,58,41
2022-12-20 00:00:00+00:00,6,6,71,37
2022-12-21 00:00:00+00:00,3,3,80,53
2022-12-22 00:00:00+00:00,4,4,96,42
2022-12-23 00:00:00+00:00,4,4,172,71
2022-12-24 00:00:00+00:00,4,4,44,19
2022-12-25 00:00:00+00:00,3,3,29,12
2022-12-26 00:00:00+00:00,3,3,42,30
2022-12-27 00:00:00+00:00,5,5,175,49
2022-12-28 00:00:00+00:00,3,3,117,47
2022-12-29 00:00:00+00:00,3,3,147,53
2022-12-30 00:00:00+00:00,4,4,91,43
2022-12-31 00:00:00+00:00,3,3,26,10
2023-01-01 00:00:00+00:00,3,3,27,10
2023-01-02 00:00:00+00:00,3,3,113,40
2023-01-03 00:00:00+00:00,9,7,277,105
2023-01-04 00:00:00+00:00,5,5,290,124
2023-01-05 00:00:00+00:00,6,5,283,118
2023-01-06 00:00:00+00:00,7,6,217,77
2023-01-07 00:00:00+00:00,4,4,52,24
2023-01-08 00:00:00+00:00,6,6,49,21
2023-01-09 00:00:00+00:00,4,4,133,63
2023-01-10 00:00:00+00:00,7,7,172,76
2023-01-11 00:00:00+00:00,4,4,177,62
2023-01-12 00:00:00+00:00,4,4,221,76
2023-01-13 00:00:00+00:00,3,3,272,63
2023-01-14 00:00:00+00:00,5,5,46,21
2023-01-15 00:00:00+00:00,5,5,39,22
2023-01-16 00:00:00+00:00,6,6,121,52
2023-01-17 00:00:00+00:00,4,4,215,81
2023-01-18 00:00:00+00:00,5,5,203,81
2023-01-19 00:00:00+00:00,13,8,206,75
2023-01-20 00:00:00+00:00,5,5,135,50
2023-01-21 00:00:00+00:00,3,3,28,14
2023-01-22 00:00:00+00:00,4,4,46,22
2023-01-23 00:00:00+00:00,5,5,168,76
2023-01-24 00:00:00+00:00,6,4,153,54
2023-01-25 00:00:00+00:00,9,6,174,63
2023-01-26 00:00:00+00:00,8,5,138,57
2023-01-27 00:00:00+00:00,8,6,90,41
2023-01-28 00:00:00+00:00,6,4,12,11
2023-01-29 00:00:00+00:00,6,4,56,20
2023-01-30 00:00:00+00:00,7,5,229,70
2023-01-31 00:00:00+00:00,8,5,146,65
2023-02-01 00:00:00+00:00,7,4,235,100
2023-02-02 00:00:00+00:00,8,5,244,104
2023-02-03 00:00:00+00:00,10,7,182,61
2023-02-04 00:00:00+00:00,3,3,60,25
2023-02-05 00:00:00+00:00,8,4,40,13
2023-02-06 00:00:00+00:00,4,4,276,78
2023-02-07 00:00:00+00:00,10,4,330,121
2023-02-08 00:00:00+00:00,9,6,139,78
2023-02-09 00:00:00+00:00,5,5,151,70
2023-02-10 00:00:00+00:00,13,7,166,74
2023-02-11 00:00:00+00:00,5,5,60,21
2023-02-12 00:00:00+00:00,4,4,110,39
2023-02-13 00:00:00+00:00,7,7,182,70
2023-02-14 00:00:00+00:00,5,5,147,67
2023-02-15 00:00:00+00:00,4,4,110,64
2023-02-16 00:00:00+00:00,5,4,147,72
2023-02-17 00:00:00+00:00,4,4,98,52
2023-02-18 00:00:00+00:00,2,2,37,17
2023-02-19 00:00:00+00:00,3,3,34,19
2023-02-20 00:00:00+00:00,5,5,141,58
2023-02-21 00:00:00+00:00,3,3,152,68
2023-02-22 00:00:00+00:00,4,4,189,69
2023-02-23 00:00:00+00:00,5,5,205,79
2023-02-24 00:00:00+00:00,5,5,142,63
2023-02-25 00:00:00+00:00,3,3,32,15
2023-02-26 00:00:00+00:00,3,3,41,28
2023-02-27 00:00:00+00:00,3,3,216,97
2023-02-28 00:00:00+00:00,5,5,164,60
2023-03-01 00:00:00+00:00,5,5,206,75
2023-03-02 00:00:00+00:00,7,6,181,80
2023-03-03 00:00:00+00:00,4,4,130,67
2023-03-04 00:00:00+00:00,4,4,30,16
2023-03-05 00:00:00+00:00,3,3,64,27
2023-03-06 00:00:00+00:00,6,6,205,77
2023-03-07 00:00:00+00:00,5,5,191,73
2023-03-08 00:00:00+00:00,6,6,203,75
2023-03-09 00:00:00+00:00,6,6,207,72
2023-03-10 00:00:00+00:00,4,4,116,63
2023-03-11 00:00:00+00:00,4,4,35,18
2023-03-12 00:00:00+00:00,6,5,38,20
2023-03-13 00:00:00+00:00,4,4,169,79
2023-03-14 00:00:00+00:00,5,5,192,74
2023-03-15 00:00:00+00:00,4,4,170,76
2023-03-16 00:00:00+00:00,3,3,124,61
2023-03-17 00:00:00+00:00,5,4,91,51
2023-03-18 00:00:00+00:00,3,3,31,13
2023-03-19 00:00:00+00:00,4,4,28,19
2023-03-20 00:00:00+00:00,8,7,192,78
2023-03-21 00:00:00+00:00,4,4,166,60
2023-03-22 00:00:00+00:00,3,3,133,68
2023-03-23 00:00:00+00:00,6,5,264,82
2023-03-24 00:00:00+00:00,4,4,181,73
2023-03-25 00:00:00+00:00,3,3,53,14
2023-03-26 00:00:00+00:00,3,3,62,25
2023-03-27 00:00:00+00:00,5,5,186,89
2023-03-28 00:00:00+00:00,3,3,284,93
2023-03-29 00:00:00+00:00,6,5,214,97
2023-03-30 00:00:00+00:00,3,3,174,80
2023-03-31 00:00:00+00:00,3,3,118,60
2023-04-01 00:00:00+00:00,5,5,33,13
2023-04-02 00:00:00+00:00,4,4,38,22
2023-04-03 00:00:00+00:00,5,5,183,70
2023-04-04 00:00:00+00:00,3,3,127,65
2023-04-05 00:00:00+00:00,4,4,148,68
2023-04-06 00:00:00+00:00,4,4,168,77
2023-04-07 00:00:00+00:00,4,4,90,50
2023-04-08 00:00:00+00:00,4,4,11,9
2023-04-09 00:00:00+00:00,4,4,48,21
2023-04-10 00:00:00+00:00,5,5,120,64
2023-04-11 00:00:00+00:00,4,4,185,63
2023-04-12 00:00:00+00:00,4,4,126,60
2023-04-13 00:00:00+00:00,3,3,179,70
2023-04-14 00:00:00+00:00,3,3,191,56
2023-04-15 00:00:00+00:00,3,3,23,12
2023-04-16 00:00:00+00:00,4,4,25,18
2023-04-17 00:00:00+00:00,4,4,173,69
2023-04-18 00:00:00+00:00,6,5,153,81
2023-04-19 00:00:00+00:00,5,4,212,79
2023-04-20 00:00:00+00:00,5,4,201,81
2023-04-21 00:00:00+00:00,5,4,143,55
2023-04-22 00:00:00+00:00,5,4,30,14
2023-04-23 00:00:00+00:00,6,5,76,21
2023-04-24 00:00:00+00:00,6,5,163,57
2023-04-25 00:00:00+00:00,13,6,171,69
2023-04-26 00:00:00+00:00,7,6,147,73
2023-04-27 00:00:00+00:00,11,7,196,82
2023-04-28 00:00:00+00:00,5,4,80,48
2023-04-29 00:00:00+00:00,6,5,39,17
2023-04-30 00:00:00+00:00,6,5,28,12
2023-05-01 00:00:00+00:00,6,5,144,49
2023-05-02 00:00:00+00:00,5,4,149,74
2023-05-03 00:00:00+00:00,5,4,173,75
2023-05-04 00:00:00+00:00,5,4,179,64
2023-05-05 00:00:00+00:00,5,4,149,43
2023-05-06 00:00:00+00:00,7,6,35,12
2023-05-07 00:00:00+00:00,5,4,90,22
2023-05-08 00:00:00+00:00,6,5,182,77
2023-05-09 00:00:00+00:00,6,4,193,78
2023-05-10 00:00:00+00:00,6,5,133,69
2023-05-11 00:00:00+00:00,5,4,195,71
2023-05-12 00:00:00+00:00,5,4,113,62
2023-05-13 00:00:00+00:00,8,6,29,7
2023-05-14 00:00:00+00:00,6,5,36,13
2023-05-15 00:00:00+00:00,8,6,231,73
2023-05-16 00:00:00+00:00,8,7,170,75
2023-05-17 00:00:00+00:00,7,6,267,72
2023-05-18 00:00:00+00:00,6,5,185,65
2023-05-19 00:00:00+00:00,9,7,156,61
2023-05-20 00:00:00+00:00,5,4,25,8
2023-05-21 00:00:00+00:00,8,6,64,27
2023-05-22 00:00:00+00:00,8,7,115,54
2023-05-23 00:00:00+00:00,5,4,187,68
2023-05-24 00:00:00+00:00,5,4,251,77
2023-05-25 00:00:00+00:00,5,4,240,82
2023-05-26 00:00:00+00:00,6,5,188,68
2023-05-27 00:00:00+00:00,5,4,9,8
2023-05-28 00:00:00+00:00,6,5,40,20
2023-05-29 00:00:00+00:00,6,5,109,42
2023-05-30 00:00:00+00:00,8,6,228,71
2023-05-31 00:00:00+00:00,9,7,159,58
2023-06-01 00:00:00+00:00,8,6,220,64
2023-06-02 00:00:00+00:00,10,7,144,51
2023-06-03 00:00:00+00:00,10,8,51,15
2023-06-04 00:00:00+00:00,5,4,31,15
2023-06-05 00:00:00+00:00,8,7,179,54
2023-06-06 00:00:00+00:00,6,5,177,71
2023-06-07 00:00:00+00:00,7,5,184,64
2023-06-08 00:00:00+00:00,7,6,253,91
2023-06-09 00:00:00+00:00,7,6,161,52
2023-06-10 00:00:00+00:00,8,6,18,10
2023-06-11 00:00:00+00:00,6,5,27,6
2023-06-12 00:00:00+00:00,7,6,137,62
2023-06-13 00:00:00+00:00,6,5,225,89
2023-06-14 00:00:00+00:00,7,6,238,100
2023-06-15 00:00:00+00:00,8,6,155,65
2023-06-16 00:00:00+00:00,5,4,160,45
2023-06-17 00:00:00+00:00,8,6,42,18
2023-06-18 00:00:00+00:00,6,5,42,12
2023-06-19 00:00:00+00:00,7,6,148,57
2023-06-20 00:00:00+00:00,6,5,174,79
2023-06-21 00:00:00+00:00,4,4,248,92
2023-06-22 00:00:00+00:00,12,8,270,102
2023-06-23 00:00:00+00:00,10,7,220,72
2023-06-24 00:00:00+00:00,5,4,15,8
2023-06-25 00:00:00+00:00,5,4,81,15
2023-06-26 00:00:00+00:00,9,7,252,84
2023-06-27 00:00:00+00:00,5,5,159,59
2023-06-28 00:00:00+00:00,5,4,302,91
2023-06-29 00:00:00+00:00,7,6,138,57
2023-06-30 00:00:00+00:00,7,6,156,42
2023-07-01 00:00:00+00:00,6,5,78,9
2023-07-02 00:00:00+00:00,7,6,113,21
2023-07-03 00:00:00+00:00,6,5,198,70
2023-07-04 00:00:00+00:00,5,4,153,50
2023-07-05 00:00:00+00:00,5,4,146,52
2023-07-06 00:00:00+00:00,7,5,246,60
2023-07-07 00:00:00+00:00,5,4,243,48
2023-07-08 00:00:00+00:00,6,5,83,17
2023-07-09 00:00:00+00:00,5,4,57,8
2023-07-10 00:00:00+00:00,8,7,304,58
2023-07-11 00:00:00+00:00,5,4,430,81
2023-07-12 00:00:00+00:00,7,6,593,83
2023-07-13 00:00:00+00:00,5,4,347,66
2023-07-14 00:00:00+00:00,9,8,261,47
2023-07-15 00:00:00+00:00,7,6,19,5
2023-07-16 00:00:00+00:00,5,4,36,12
2023-07-17 00:00:00+00:00,7,6,290,54
2023-07-18 00:00:00+00:00,5,4,343,67
2023-07-19 00:00:00+00:00,6,6,270,69
2023-07-20 00:00:00+00:00,5,4,480,91
2023-07-21 00:00:00+00:00,5,4,265,76
2023-07-22 00:00:00+00:00,9,8,162,28
2023-07-23 00:00:00+00:00,6,5,22,11
2023-07-24 00:00:00+00:00,7,6,453,85
2023-07-25 00:00:00+00:00,5,4,332,54
2023-07-26 00:00:00+00:00,6,5,278,61
2023-07-27 00:00:00+00:00,7,6,272,60
2023-07-28 00:00:00+00:00,10,7,264,57
2023-07-29 00:00:00+00:00,6,5,62,13
2023-07-30 00:00:00+00:00,6,5,39,8
2023-07-31 00:00:00+00:00,9,8,444,75
2023-08-01 00:00:00+00:00,7,6,399,79
2023-08-02 00:00:00+00:00,6,5,508,62
2023-08-03 00:00:00+00:00,5,4,425,65
2023-08-04 00:00:00+00:00,8,6,154,43
2023-08-05 00:00:00+00:00,7,6,36,12
2023-08-06 00:00:00+00:00,6,5,77,15
2023-08-07 00:00:00+00:00,7,6,311,77
2023-08-08 00:00:00+00:00,5,4,479,87
2023-08-09 00:00:00+00:00,3,3,439,94
2023-08-10 00:00:00+00:00,5,4,251,71
2023-08-11 00:00:00+00:00,6,5,250,46
2023-08-12 00:00:00+00:00,5,4,47,13
2023-08-13 00:00:00+00:00,5,4,72,22
2023-08-14 00:00:00+00:00,7,6,327,72
2023-08-15 00:00:00+00:00,8,7,303,68
2023-08-16 00:00:00+00:00,6,5,320,71
2023-08-17 00:00:00+00:00,7,6,319,72
2023-08-18 00:00:00+00:00,7,6,323,63
2023-08-19 00:00:00+00:00,5,4,39,14
2023-08-20 00:00:00+00:00,9,8,39,17
2023-08-21 00:00:00+00:00,7,6,308,83
2023-08-22 00:00:00+00:00,7,6,429,68
2023-08-23 00:00:00+00:00,8,7,355,67
2023-08-24 00:00:00+00:00,6,5,347,83
2023-08-25 00:00:00+00:00,7,6,294,46
2023-08-26 00:00:00+00:00,6,5,88,16
2023-08-27 00:00:00+00:00,10,8,58,20
2023-08-28 00:00:00+00:00,9,8,337,62
2023-08-29 00:00:00+00:00,8,7,325,61
2023-08-30 00:00:00+00:00,5,4,459,88
2023-08-31 00:00:00+00:00,8,6,367,67
2023-09-01 00:00:00+00:00,5,4,229,43
2023-09-02 00:00:00+00:00,5,4,30,8
2023-09-03 00:00:00+00:00,6,5,49,13
2023-09-04 00:00:00+00:00,6,5,166,51
2023-09-05 00:00:00+00:00,5,4,220,58
2023-09-06 00:00:00+00:00,5,4,281,65
2023-09-07 00:00:00+00:00,9,8,402,55
2023-09-08 00:00:00+00:00,5,4,198,52
2023-09-09 00:00:00+00:00,7,6,27,10
2023-09-10 00:00:00+00:00,7,6,31,12
2023-09-11 00:00:00+00:00,6,5,300,69
2023-09-12 00:00:00+00:00,6,5,367,99
2023-09-13 00:00:00+00:00,12,7,364,84
2023-09-14 00:00:00+00:00,11,8,348,81
2023-09-15 00:00:00+00:00,6,5,312,60
2023-09-16 00:00:00+00:00,8,7,39,10
2023-09-17 00:00:00+00:00,12,7,76,12
2023-09-18 00:00:00+00:00,7,6,369,73
2023-09-19 00:00:00+00:00,6,5,417,78
2023-09-20 00:00:00+00:00,5,4,442,82
2023-09-21 00:00:00+00:00,5,4,318,85
2023-09-22 00:00:00+00:00,5,4,359,67
2023-09-23 00:00:00+00:00,5,4,40,14
2023-09-24 00:00:00+00:00,4,4,551,151
2023-09-25 00:00:00+00:00,9,8,1020,232
2023-09-26 00:00:00+00:00,7,6,489,111
2023-09-27 00:00:00+00:00,10,8,450,153
2023-09-28 00:00:00+00:00,6,5,1125,284
2023-09-29 00:00:00+00:00,8,7,478,151
2023-09-30 00:00:00+00:00,3,3,136,55
2023-10-01 00:00:00+00:00,4,4,164,45
2023-10-02 00:00:00+00:00,8,7,421,108
2023-10-03 00:00:00+00:00,8,7,318,102
2023-10-04 00:00:00+00:00,6,5,301,92
2023-10-05 00:00:00+00:00,6,5,366,100
2023-10-06 00:00:00+00:00,7,5,340,84
2023-10-07 00:00:00+00:00,6,5,60,14
2023-10-08 00:00:00+00:00,5,4,96,20
2023-10-09 00:00:00+00:00,7,6,353,77
2023-10-10 00:00:00+00:00,8,6,400,84
2023-10-11 00:00:00+00:00,4,4,527,102
2023-10-12 00:00:00+00:00,5,4,268,80
2023-10-13 00:00:00+00:00,5,4,270,60
2023-10-14 00:00:00+00:00,6,5,68,17
2023-10-15 00:00:00+00:00,5,4,58,26
2023-10-16 00:00:00+00:00,8,7,367,90
2023-10-17 00:00:00+00:00,3,3,377,84
2023-10-18 00:00:00+00:00,5,5,400,84
2023-10-19 00:00:00+00:00,4,4,369,93
2023-10-20 00:00:00+00:00,3,3,358,72
2023-10-21 00:00:00+00:00,4,4,37,18
2023-10-22 00:00:00+00:00,4,4,46,21
2023-10-23 00:00:00+00:00,9,9,349,84
2023-10-24 00:00:00+00:00,3,3,348,85
2023-10-25 00:00:00+00:00,4,4,609,131
2023-10-26 00:00:00+00:00,6,5,486,104
2023-10-27 00:00:00+00:00,6,6,335,77
2023-10-28 00:00:00+00:00,4,4,47,19
2023-10-29 00:00:00+00:00,4,4,71,27
2023-10-30 00:00:00+00:00,5,5,338,91
2023-10-31 00:00:00+00:00,4,4,490,111
2023-11-01 00:00:00+00:00,4,4,347,83
2023-11-02 00:00:00+00:00,3,3,364,66
2023-11-03 00:00:00+00:00,4,4,174,58
2023-11-04 00:00:00+00:00,5,5,78,17
2023-11-05 00:00:00+00:00,5,5,59,25
2023-11-06 00:00:00+00:00,7,7,401,76
2023-11-07 00:00:00+00:00,4,4,332,85
2023-11-08 00:00:00+00:00,4,4,909,131
2023-11-09 00:00:00+00:00,5,5,466,90
2023-11-10 00:00:00+00:00,4,4,286,51
2023-11-11 00:00:00+00:00,6,6,42,13
2023-11-12 00:00:00+00:00,4,4,115,30
2023-11-13 00:00:00+00:00,5,5,307,68
2023-11-14 00:00:00+00:00,5,5,315,83
2023-11-15 00:00:00+00:00,4,4,497,95
2023-11-16 00:00:00+00:00,3,3,546,133
2023-11-17 00:00:00+00:00,4,4,268,67
2023-11-18 00:00:00+00:00,4,4,137,36
2023-11-19 00:00:00+00:00,5,5,354,40
2023-11-20 00:00:00+00:00,8,8,292,65
2023-11-21 00:00:00+00:00,4,4,465,96
2023-11-22 00:00:00+00:00,3,3,277,88
2023-11-23 00:00:00+00:00,3,3,344,76
2023-11-24 00:00:00+00:00,5,5,232,56
2023-11-25 00:00:00+00:00,5,5,39,19
2023-11-26 00:00:00+00:00,4,4,240,23
2023-11-27 00:00:00+00:00,6,6,290,88
2023-11-28 00:00:00+00:00,3,3,292,72
2023-11-29 00:00:00+00:00,7,7,431,74
2023-11-30 00:00:00+00:00,3,3,308,60
2023-12-01 00:00:00+00:00,4,4,190,60
2023-12-02 00:00:00+00:00,4,4,172,18
2023-12-03 00:00:00+00:00,4,4,126,18
2023-12-04 00:00:00+00:00,5,5,366,74
2023-12-05 00:00:00+00:00,4,4,513,80
2023-12-06 00:00:00+00:00,5,5,304,82
2023-12-07 00:00:00+00:00,4,4,378,85
2023-12-08 00:00:00+00:00,3,3,185,59
2023-12-09 00:00:00+00:00,4,4,237,19
2023-12-10 00:00:00+00:00,3,3,144,20
2023-12-11 00:00:00+00:00,4,4,295,80
2023-12-12 00:00:00+00:00,5,5,321,84
2023-12-13 00:00:00+00:00,3,3,366,78
2023-12-14 00:00:00+00:00,3,3,305,72
2023-12-15 00:00:00+00:00,3,3,189,46
2023-12-16 00:00:00+00:00,3,3,168,18
2023-12-17 00:00:00+00:00,3,3,895,26
2023-12-18 00:00:00+00:00,5,5,324,86
2023-12-19 00:00:00+00:00,4,4,659,74
2023-12-20 00:00:00+00:00,5,5,372,72
2023-12-21 00:00:00+00:00,2,2,257,62
2023-12-22 00:00:00+00:00,5,5,138,45
2023-12-23 00:00:00+00:00,3,3,322,20
2023-12-24 00:00:00+00:00,3,3,221,12
2023-12-25 00:00:00+00:00,5,5,29,15
2023-12-26 00:00:00+00:00,3,3,250,29
2023-12-27 00:00:00+00:00,4,4,188,36
2023-12-28 00:00:00+00:00,3,3,210,23
2023-12-29 00:00:00+00:00,6,5,255,27
2023-12-30 00:00:00+00:00,4,4,1024,20
2023-12-31 00:00:00+00:00,3,3,127,9
2024-01-01 00:00:00+00:00,4,4,55,19
2024-01-02 00:00:00+00:00,3,3,451,63
2024-01-03 00:00:00+00:00,3,3,238,57
2024-01-04 00:00:00+00:00,4,4,205,56
2024-01-05 00:00:00+00:00,5,5,187,42
2024-01-06 00:00:00+00:00,3,3,156,18
2024-01-07 00:00:00+00:00,3,3,160,21
2024-01-08 00:00:00+00:00,9,9,276,63
2024-01-09 00:00:00+00:00,6,5,450,91
2024-01-10 00:00:00+00:00,3,3,225,56
2024-01-11 00:00:00+00:00,5,4,222,60
2024-01-12 00:00:00+00:00,3,3,304,55
2024-01-13 00:00:00+00:00,6,5,285,13
2024-01-14 00:00:00+00:00,5,4,1015,20
2024-01-15 00:00:00+00:00,5,5,263,63
2024-01-16 00:00:00+00:00,5,4,415,95
2024-01-17 00:00:00+00:00,5,4,432,101
2024-01-18 00:00:00+00:00,11,10,428,96
2024-01-19 00:00:00+00:00,3,3,543,100
2024-01-20 00:00:00+00:00,6,6,110,31
2024-01-21 00:00:00+00:00,3,3,241,27
2024-01-22 00:00:00+00:00,3,3,381,78
2024-01-23 00:00:00+00:00,5,5,536,93
2024-01-24 00:00:00+00:00,4,4,453,68
2024-01-25 00:00:00+00:00,2,2,389,77
2024-01-26 00:00:00+00:00,4,4,224,52
2024-01-27 00:00:00+00:00,3,3,252,22
2024-01-28 00:00:00+00:00,3,3,189,23
2024-01-29 00:00:00+00:00,4,4,181,67
2024-01-30 00:00:00+00:00,4,4,390,75
2024-01-31 00:00:00+00:00,4,4,550,95
2024-02-01 00:00:00+00:00,2,2,524,93
2024-02-02 00:00:00+00:00,4,4,351,75
2024-02-03 00:00:00+00:00,3,3,265,22
2024-02-04 00:00:00+00:00,3,3,266,26
2024-02-05 00:00:00+00:00,5,5,369,78
2024-02-06 00:00:00+00:00,9,7,1062,169
2024-02-07 00:00:00+00:00,4,4,1688,209
2024-02-08 00:00:00+00:00,3,3,580,123
2024-02-09 00:00:00+00:00,3,3,633,108
2024-02-10 00:00:00+00:00,4,4,327,34
2024-02-11 00:00:00+00:00,3,3,123,31
2024-02-12 00:00:00+00:00,6,6,295,75
2024-02-13 00:00:00+00:00,4,4,513,101
2024-02-14 00:00:00+00:00,3,3,507,102
2024-02-15 00:00:00+00:00,4,4,1358,97
2024-02-16 00:00:00+00:00,6,5,442,94
2024-02-17 00:00:00+00:00,4,4,203,28
2024-02-18 00:00:00+00:00,3,3,207,32
2024-02-19 00:00:00+00:00,5,5,793,196
2024-02-20 00:00:00+00:00,4,4,1074,267
2024-02-21 00:00:00+00:00,4,4,781,176
2024-02-22 00:00:00+00:00,4,4,1532,389
2024-02-23 00:00:00+00:00,9,9,743,243
2024-02-24 00:00:00+00:00,4,4,253,56
2024-02-25 00:00:00+00:00,3,3,165,54
2024-02-26 00:00:00+00:00,6,6,779,176
2024-02-27 00:00:00+00:00,4,4,638,153
2024-02-28 00:00:00+00:00,5,4,555,137
2024-02-29 00:00:00+00:00,5,5,884,227
2024-03-01 00:00:00+00:00,3,3,524,152
2024-03-02 00:00:00+00:00,3,3,219,45
2024-03-03 00:00:00+00:00,6,5,249,37
2024-03-04 00:00:00+00:00,5,5,428,119
2024-03-05 00:00:00+00:00,9,9,604,121
2024-03-06 00:00:00+00:00,7,7,542,107
2024-03-07 00:00:00+00:00,5,4,439,127
2024-03-08 00:00:00+00:00,4,4,413,79
2024-03-09 00:00:00+00:00,3,3,299,28
2024-03-10 00:00:00+00:00,3,3,742,41
2024-03-11 00:00:00+00:00,4,4,503,102
2024-03-12 00:00:00+00:00,2,2,396,95
2024-03-13 00:00:00+00:00,2,2,525,79
2024-03-14 00:00:00+00:00,3,3,427,113
2024-03-15 00:00:00+00:00,3,3,296,78
2024-03-16 00:00:00+00:00,3,3,451,20
2024-03-17 00:00:00+00:00,3,3,71,20
2024-03-18 00:00:00+00:00,5,5,289,88
2024-03-19 00:00:00+00:00,5,5,586,97
2024-03-20 00:00:00+00:00,3,3,366,102
2024-03-21 00:00:00+00:00,4,4,510,81
2024-03-22 00:00:00+00:00,2,2,368,75
2024-03-23 00:00:00+00:00,4,4,96,26
2024-03-24 00:00:00+00:00,3,3,136,31
2024-03-25 00:00:00+00:00,3,3,413,101
2024-03-26 00:00:00+00:00,3,3,311,75
2024-03-27 00:00:00+00:00,2,2,277,73
2024-03-28 00:00:00+00:00,4,4,360,71
2024-03-29 00:00:00+00:00,3,3,155,50
2024-03-30 00:00:00+00:00,3,3,235,23
2024-03-31 00:00:00+00:00,3,3,317,25
2024-04-01 00:00:00+00:00,3,3,429,78
2024-04-02 00:00:00+00:00,3,3,441,103
2024-04-03 00:00:00+00:00,5,5,450,86
2024-04-04 00:00:00+00:00,2,2,417,83
2024-04-05 00:00:00+00:00,3,3,359,85
2024-04-06 00:00:00+00:00,3,3,493,26
2024-04-07 00:00:00+00:00,3,3,235,27
2024-04-08 00:00:00+00:00,2,2,313,74
2024-04-09 00:00:00+00:00,5,4,368,95
2024-04-10 00:00:00+00:00,6,6,350,81
2024-04-11 00:00:00+00:00,4,4,517,99
2024-04-12 00:00:00+00:00,5,4,306,77
2024-04-13 00:00:00+00:00,5,4,237,23
2024-04-14 00:00:00+00:00,4,4,182,18
2024-04-15 00:00:00+00:00,4,3,281,77
2024-04-16 00:00:00+00:00,8,5,409,90
2024-04-17 00:00:00+00:00,5,4,374,99
2024-04-18 00:00:00+00:00,4,4,286,95
2024-04-19 00:00:00+00:00,9,5,237,64
2024-04-20 00:00:00+00:00,8,5,204,15
2024-04-21 00:00:00+00:00,8,5,410,36
2024-04-22 00:00:00+00:00,7,4,410,99
2024-04-23 00:00:00+00:00,9,5,382,94
2024-04-24 00:00:00+00:00,9,5,410,107
2024-04-25 00:00:00+00:00,9,5,492,98
2024-04-26 00:00:00+00:00,4,4,484,101
2024-04-27 00:00:00+00:00,4,4,251,24
2024-04-28 00:00:00+00:00,5,5,362,25
2024-04-29 00:00:00+00:00,8,5,508,80
2024-04-30 00:00:00+00:00,4,4,528,114
2024-05-01 00:00:00+00:00,8,5,347,65
2024-05-02 00:00:00+00:00,8,5,237,68
2024-05-03 00:00:00+00:00,4,4,219,61
2024-05-04 00:00:00+00:00,4,4,204,26
2024-05-05 00:00:00+00:00,4,4,87,23
2024-05-06 00:00:00+00:00,7,7,299,73
2024-05-07 00:00:00+00:00,4,4,337,83
2024-05-08 00:00:00+00:00,9,5,395,99
2024-05-09 00:00:00+00:00,3,3,386,81
2024-05-10 00:00:00+00:00,9,5,344,69
2024-05-11 00:00:00+00:00,8,5,209,26
2024-05-12 00:00:00+00:00,10,7,220,18
2024-05-13 00:00:00+00:00,6,6,439,78
2024-05-14 00:00:00+00:00,3,3,589,111
2024-05-15 00:00:00+00:00,11,7,664,170
2024-05-16 00:00:00+00:00,3,3,488,113
2024-05-17 00:00:00+00:00,6,6,373,83
2024-05-18 00:00:00+00:00,4,4,365,32
2024-05-19 00:00:00+00:00,8,8,443,16
2024-05-20 00:00:00+00:00,9,5,226,54
2024-05-21 00:00:00+00:00,10,6,439,93
2024-05-22 00:00:00+00:00,14,8,311,84
2024-05-23 00:00:00+00:00,5,5,378,94
2024-05-24 00:00:00+00:00,10,6,227,69
2024-05-25 00:00:00+00:00,4,4,823,14
2024-05-26 00:00:00+00:00,4,4,593,26
2024-05-27 00:00:00+00:00,8,5,275,68
2024-05-28 00:00:00+00:00,5,5,834,114
2024-05-29 00:00:00+00:00,11,7,595,87
2024-05-30 00:00:00+00:00,4,4,465,95
2024-05-31 00:00:00+00:00,10,6,493,96
2024-06-01 00:00:00+00:00,4,4,575,53
2024-06-02 00:00:00+00:00,4,4,696,38
2024-06-03 00:00:00+00:00,9,6,367,90
2024-06-04 00:00:00+00:00,8,4,498,97
2024-06-05 00:00:00+00:00,10,6,410,90
2024-06-06 00:00:00+00:00,18,12,697,120
2024-06-07 00:00:00+00:00,14,9,345,72
2024-06-08 00:00:00+00:00,5,4,510,15
2024-06-09 00:00:00+00:00,8,5,1163,35
2024-06-10 00:00:00+00:00,8,5,453,94
2024-06-11 00:00:00+00:00,3,3,550,111
2024-06-12 00:00:00+00:00,3,3,415,98
2024-06-13 00:00:00+00:00,8,5,503,111
2024-06-14 00:00:00+00:00,5,5,380,98
2024-06-15 00:00:00+00:00,2,2,542,33
2024-06-16 00:00:00+00:00,5,3,976,28
2024-06-17 00:00:00+00:00,4,4,444,106
2024-06-18 00:00:00+00:00,9,5,420,97
2024-06-19 00:00:00+00:00,4,4,667,137
2024-06-20 00:00:00+00:00,11,7,397,106
2024-06-21 00:00:00+00:00,3,3,317,72
2024-06-22 00:00:00+00:00,3,3,510,21
2024-06-23 00:00:00+00:00,5,3,126,29
2024-06-24 00:00:00+00:00,5,3,468,93
2024-06-25 00:00:00+00:00,3,3,836,185
2024-06-26 00:00:00+00:00,3,3,1477,361
2024-06-27 00:00:00+00:00,3,3,763,173
2024-06-28 00:00:00+00:00,3,3,841,111
2024-06-29 00:00:00+00:00,6,3,582,42
2024-06-30 00:00:00+00:00,3,3,762,65
2024-07-01 00:00:00+00:00,4,4,1332,110
2024-07-02 00:00:00+00:00,2,2,434,111
2024-07-03 00:00:00+00:00,2,2,511,109
2024-07-04 00:00:00+00:00,2,2,736,66
2024-07-05 00:00:00+00:00,5,3,354,65
2024-07-06 00:00:00+00:00,3,3,351,24
2024-07-07 00:00:00+00:00,3,3,3748,93
2024-07-08 00:00:00+00:00,5,4,855,161
2024-07-09 00:00:00+00:00,3,3,414,121
2024-07-10 00:00:00+00:00,3,3,660,120
2024-07-11 00:00:00+00:00,6,4,605,114
2024-07-12 00:00:00+00:00,3,3,495,81
2024-07-13 00:00:00+00:00,3,3,1516,21
2024-07-14 00:00:00+00:00,4,4,697,24
2024-07-15 00:00:00+00:00,1,1,438,84
2024-07-16 00:00:00+00:00,6,3,287,72
2024-07-17 00:00:00+00:00,10,6,897,123
2024-07-18 00:00:00+00:00,5,3,1508,91
2024-07-19 00:00:00+00:00,2,2,500,73
2024-07-20 00:00:00+00:00,7,5,663,29
2024-07-21 00:00:00+00:00,5,5,355,33
2024-07-22 00:00:00+00:00,4,3,1753,99
2024-07-23 00:00:00+00:00,3,3,1687,106
2024-07-24 00:00:00+00:00,1,1,1692,115
2024-07-25 00:00:00+00:00,2,2,427,90
2024-07-26 00:00:00+00:00,2,2,248,72
2024-07-27 00:00:00+00:00,1,1,2066,18
2024-07-28 00:00:00+00:00,4,2,2036,19
2024-07-29 00:00:00+00:00,6,5,449,73
2024-07-30 00:00:00+00:00,4,4,487,87
2024-07-31 00:00:00+00:00,1,1,546,92
2024-08-01 00:00:00+00:00,6,4,333,85
2024-08-02 00:00:00+00:00,6,5,295,70
2024-08-03 00:00:00+00:00,3,2,1550,24
2024-08-04 00:00:00+00:00,5,4,2653,26
2024-08-05 00:00:00+00:00,8,6,467,103
2024-08-06 00:00:00+00:00,6,5,350,81
2024-08-07 00:00:00+00:00,3,3,597,74
2024-08-08 00:00:00+00:00,2,2,339,83
2024-08-09 00:00:00+00:00,2,2,360,68
2024-08-10 00:00:00+00:00,5,2,853,21
2024-08-11 00:00:00+00:00,4,3,938,16
2024-08-12 00:00:00+00:00,3,2,558,96
2024-08-13 00:00:00+00:00,5,4,308,85
2024-08-14 00:00:00+00:00,1,1,457,99
2024-08-15 00:00:00+00:00,1,1,349,80
2024-08-16 00:00:00+00:00,7,5,583,73
2024-08-17 00:00:00+00:00,5,4,869,24
2024-08-18 00:00:00+00:00,4,3,504,19
2024-08-19 00:00:00+00:00,2,2,509,72
2024-08-20 00:00:00+00:00,5,3,452,96
2024-08-21 00:00:00+00:00,1,1,538,78
2024-08-22 00:00:00+00:00,1,1,1015,99
2024-08-23 00:00:00+00:00,3,3,806,106
2024-08-24 00:00:00+00:00,3,3,838,21
2024-08-25 00:00:00+00:00,3,3,694,24
2024-08-26 00:00:00+00:00,2,2,725,94
2024-08-27 00:00:00+00:00,2,2,271,78
2024-08-28 00:00:00+00:00,3,3,514,72
2024-08-29 00:00:00+00:00,2,2,459,78
2024-08-30 00:00:00+00:00,4,4,267,53
2024-08-31 00:00:00+00:00,2,2,254,20
2024-09-01 00:00:00+00:00,1,1,334,21
2024-09-02 00:00:00+00:00,6,4,332,58
2024-09-03 00:00:00+00:00,3,3,1256,82
2024-09-04 00:00:00+00:00,5,3,548,69
2024-09-05 00:00:00+00:00,5,5,637,101
2024-09-06 00:00:00+00:00,4,3,514,60
2024-09-07 00:00:00+00:00,4,3,2421,20
2024-09-08 00:00:00+00:00,1,1,1625,28
2024-09-09 00:00:00+00:00,3,3,1174,99
2024-09-10 00:00:00+00:00,5,5,751,96
2024-09-11 00:00:00+00:00,2,2,456,87
2024-09-12 00:00:00+00:00,2,2,299,81
2024-09-13 00:00:00+00:00,2,2,2122,71
2024-09-14 00:00:00+00:00,1,1,2189,17
2024-09-15 00:00:00+00:00,5,4,2992,17
2024-09-16 00:00:00+00:00,4,3,2212,95
2024-09-17 00:00:00+00:00,2,2,687,104
2024-09-18 00:00:00+00:00,5,3,717,118
2024-09-19 00:00:00+00:00,1,1,2007,105
2024-09-20 00:00:00+00:00,3,3,1924,84
2024-09-21 00:00:00+00:00,2,2,1907,25
2024-09-22 00:00:00+00:00,3,3,3183,25
2024-09-23 00:00:00+00:00,3,3,1338,79
2024-09-24 00:00:00+00:00,2,2,676,124
2024-09-25 00:00:00+00:00,1,1,1040,107
2024-09-26 00:00:00+00:00,5,3,329,103
2024-09-27 00:00:00+00:00,6,3,250,81
2024-09-28 00:00:00+00:00,4,4,650,23
2024-09-29 00:00:00+00:00,1,1,1344,31
2024-09-30 00:00:00+00:00,2,2,500,77
2024-10-01 00:00:00+00:00,7,4,411,113
2024-10-02 00:00:00+00:00,4,3,399,83
2024-10-03 00:00:00+00:00,1,1,327,103
2024-10-04 00:00:00+00:00,2,2,257,82
2024-10-05 00:00:00+00:00,3,3,1331,35
2024-10-06 00:00:00+00:00,5,3,1477,28
2024-10-07 00:00:00+00:00,5,3,531,90
2024-10-08 00:00:00+00:00,1,1,281,104
2024-10-09 00:00:00+00:00,3,2,360,96
2024-10-10 00:00:00+00:00,3,3,414,85
2024-10-11 00:00:00+00:00,1,1,357,62
2024-10-12 00:00:00+00:00,1,1,783,16
2024-10-13 00:00:00+00:00,3,3,605,27
2024-10-14 00:00:00+00:00,4,4,340,98
2024-10-15 00:00:00+00:00,1,1,401,80
2024-10-16 00:00:00+00:00,5,3,251,87
2024-10-17 00:00:00+00:00,2,2,679,84
2024-10-18 00:00:00+00:00,2,2,235,72
2024-10-19 00:00:00+00:00,1,1,1615,22
2024-10-20 00:00:00+00:00,2,2,1429,33
2024-10-21 00:00:00+00:00,2,2,918,131
2024-10-22 00:00:00+00:00,2,2,391,119
2024-10-23 00:00:00+00:00,1,1,841,91
2024-10-24 00:00:00+00:00,3,2,316,86
2024-10-25 00:00:00+00:00,3,2,750,84
2024-10-26 00:00:00+00:00,2,2,58,29
2024-10-27 00:00:00+00:00,3,3,239,28
2024-10-28 00:00:00+00:00,4,4,237,91
2024-10-29 00:00:00+00:00,3,2,306,94
2024-10-30 00:00:00+00:00,3,3,368,79
2024-10-31 00:00:00+00:00,1,1,261,66
2024-11-01 00:00:00+00:00,1,1,216,57
2024-11-02 00:00:00+00:00,1,1,738,34
2024-11-03 00:00:00+00:00,2,2,1189,22
2024-11-04 00:00:00+00:00,7,5,271,77
2024-11-05 00:00:00+00:00,5,3,260,89
2024-11-06 00:00:00+00:00,3,3,264,84
2024-11-07 00:00:00+00:00,3,3,374,106
2024-11-08 00:00:00+00:00,2,2,446,76
2024-11-09 00:00:00+00:00,4,3,410,30
2024-11-10 00:00:00+00:00,3,2,656,42
2024-11-11 00:00:00+00:00,3,2,287,104
2024-11-12 00:00:00+00:00,1,1,285,96
2024-11-13 00:00:00+00:00,3,2,297,99
2024-11-14 00:00:00+00:00,3,2,276,106
2024-11-15 00:00:00+00:00,4,2,271,77
2024-11-16 00:00:00+00:00,6,3,808,33
2024-11-17 00:00:00+00:00,1,1,1162,33
2024-11-18 00:00:00+00:00,2,2,318,77
2024-11-19 00:00:00+00:00,1,1,273,89
2024-11-20 00:00:00+00:00,6,3,281,88
2024-11-21 00:00:00+00:00,3,3,301,102
2024-11-22 00:00:00+00:00,1,1,275,57
2024-11-23 00:00:00+00:00,5,3,435,17
2024-11-24 00:00:00+00:00,2,2,753,24
2024-11-25 00:00:00+00:00,2,2,307,76
2024-11-26 00:00:00+00:00,5,4,271,76
2024-11-27 00:00:00+00:00,3,2,237,81
2024-11-28 00:00:00+00:00,3,3,244,58
2024-11-29 00:00:00+00:00,1,1,271,48
2024-11-30 00:00:00+00:00,4,3,1378,25
2024-12-01 00:00:00+00:00,6,4,481,29
2024-12-02 00:00:00+00:00,2,2,377,92
2024-12-03 00:00:00+00:00,3,3,192,96
2024-12-04 00:00:00+00:00,3,3,266,88
2024-12-05 00:00:00+00:00,1,1,346,89
2024-12-06 00:00:00+00:00,5,2,170,73
2024-12-07 00:00:00+00:00,1,1,1273,21
2024-12-08 00:00:00+00:00,6,3,1806,27
2024-12-09 00:00:00+00:00,5,3,378,94
2024-12-10 00:00:00+00:00,1,1,306,105
2024-12-11 00:00:00+00:00,2,2,388,102
2024-12-12 00:00:00+00:00,2,2,242,99
2024-12-13 00:00:00+00:00,4,2,462,118
2024-12-14 00:00:00+00:00,1,1,286,25
2024-12-15 00:00:00+00:00,4,3,616,21
2024-12-16 00:00:00+00:00,2,2,521,97
2024-12-17 00:00:00+00:00,1,1,517,87
2024-12-18 00:00:00+00:00,3,2,175,80
2024-12-19 00:00:00+00:00,3,2,273,81
2024-12-20 00:00:00+00:00,6,6,539,65
2024-12-21 00:00:00+00:00,1,1,761,28
2024-12-22 00:00:00+00:00,3,3,2280,32
2024-12-23 00:00:00+00:00,4,3,783,62
2024-12-24 00:00:00+00:00,2,2,113,43
2024-12-25 00:00:00+00:00,1,1,1523,34
2024-12-26 00:00:00+00:00,1,1,1047,61
2024-12-27 00:00:00+00:00,3,3,619,51
2024-12-28 00:00:00+00:00,4,3,1765,22
2024-12-29 00:00:00+00:00,4,3,1351,31
2024-12-30 00:00:00+00:00,5,3,584,48
2024-12-31 00:00:00+00:00,3,3,459,29
2025-01-01 00:00:00+00:00,6,3,568,17
2025-01-02 00:00:00+00:00,3,3,271,47
2025-01-03 00:00:00+00:00,3,3,386,56
2025-01-04 00:00:00+00:00,1,1,371,18
2025-01-05 00:00:00+00:00,6,2,1504,26
2025-01-06 00:00:00+00:00,3,3,800,80
2025-01-07 00:00:00+00:00,3,3,372,69
2025-01-08 00:00:00+00:00,3,3,249,78
2025-01-09 00:00:00+00:00,2,2,323,88
2025-01-10 00:00:00+00:00,4,2,359,62
2025-01-11 00:00:00+00:00,4,4,1289,17
2025-01-12 00:00:00+00:00,4,4,1828,22
2025-01-13 00:00:00+00:00,1,1,612,67
2025-01-14 00:00:00+00:00,4,3,411,95
2025-01-15 00:00:00+00:00,3,3,261,114
2025-01-16 00:00:00+00:00,1,1,410,71
2025-01-17 00:00:00+00:00,4,3,391,71
2025-01-18 00:00:00+00:00,6,4,973,20
2025-01-19 00:00:00+00:00,1,1,1744,20
2025-01-20 00:00:00+00:00,3,3,310,74
2025-01-21 00:00:00+00:00,1,1,429,79
2025-01-22 00:00:00+00:00,3,3,281,75
2025-01-23 00:00:00+00:00,3,2,396,89
2025-01-24 00:00:00+00:00,3,3,392,88
2025-01-25 00:00:00+00:00,2,2,453,17
2025-01-26 00:00:00+00:00,5,3,839,19
2025-01-27 00:00:00+00:00,2,2,343,83
2025-01-28 00:00:00+00:00,2,1,328,91
2025-01-29 00:00:00+00:00,2,2,625,75
2025-01-30 00:00:00+00:00,10,5,252,82
2025-01-31 00:00:00+00:00,8,5,300,89
2025-02-01 00:00:00+00:00,6,3,487,31
2025-02-02 00:00:00+00:00,7,4,677,26
2025-02-03 00:00:00+00:00,7,5,334,82
2025-02-04 00:00:00+00:00,5,2,365,83
2025-02-05 00:00:00+00:00,8,5,230,95
2025-02-06 00:00:00+00:00,6,4,245,85
2025-02-07 00:00:00+00:00,6,4,167,55
2025-02-08 00:00:00+00:00,2,2,451,22
2025-02-09 00:00:00+00:00,10,4,721,28
2025-02-10 00:00:00+00:00,3,3,324,75
2025-02-11 00:00:00+00:00,8,5,233,78
2025-02-12 00:00:00+00:00,7,5,220,119
2025-02-13 00:00:00+00:00,7,5,379,88
2025-02-14 00:00:00+00:00,8,5,188,75
2025-02-15 00:00:00+00:00,6,4,402,40
2025-02-16 00:00:00+00:00,3,3,1108,19
2025-02-17 00:00:00+00:00,6,5,469,83
2025-02-18 00:00:00+00:00,4,4,262,78
2025-02-19 00:00:00+00:00,7,3,213,77
2025-02-20 00:00:00+00:00,6,5,425,133
2025-02-21 00:00:00+00:00,7,5,160,78
2025-02-22 00:00:00+00:00,7,5,689,24
2025-02-23 00:00:00+00:00,6,4,534,23
2025-02-24 00:00:00+00:00,8,5,477,79
2025-02-25 00:00:00+00:00,8,5,250,82
2025-02-26 00:00:00+00:00,7,5,172,73
2025-02-27 00:00:00+00:00,6,4,183,101
2025-02-28 00:00:00+00:00,4,2,519,62
2025-03-01 00:00:00+00:00,5,4,518,22
2025-03-02 00:00:00+00:00,9,6,510,20
2025-03-03 00:00:00+00:00,8,6,397,80
2025-03-04 00:00:00+00:00,5,3,359,87
2025-03-05 00:00:00+00:00,8,4,256,85
2025-03-06 00:00:00+00:00,7,6,395,66
2025-03-07 00:00:00+00:00,5,4,330,74
2025-03-08 00:00:00+00:00,4,4,326,26
2025-03-09 00:00:00+00:00,2,2,647,27
2025-03-10 00:00:00+00:00,4,4,335,94
2025-03-11 00:00:00+00:00,7,4,325,101
2025-03-12 00:00:00+00:00,4,4,349,93
2025-03-13 00:00:00+00:00,12,9,255,80
2025-03-14 00:00:00+00:00,7,5,197,69
2025-03-15 00:00:00+00:00,2,2,826,19
2025-03-16 00:00:00+00:00,6,4,697,22
2025-03-17 00:00:00+00:00,11,7,352,73
2025-03-18 00:00:00+00:00,3,3,316,78
2025-03-19 00:00:00+00:00,4,4,611,101
2025-03-20 00:00:00+00:00,11,8,401,85
2025-03-21 00:00:00+00:00,6,6,320,75
2025-03-22 00:00:00+00:00,6,5,52,19
2025-03-23 00:00:00+00:00,4,3,605,38
2025-03-24 00:00:00+00:00,6,5,214,76
2025-03-25 00:00:00+00:00,5,5,228,97
2025-03-26 00:00:00+00:00,7,5,236,75
2025-03-27 00:00:00+00:00,7,6,243,76
2025-03-28 00:00:00+00:00,10,7,244,69
2025-03-29 00:00:00+00:00,10,7,799,20
2025-03-30 00:00:00+00:00,8,5,875,32
2025-03-31 00:00:00+00:00,8,7,359,87
2025-04-01 00:00:00+00:00,6,6,203,85
2025-04-02 00:00:00+00:00,4,4,211,88
2025-04-03 00:00:00+00:00,7,5,298,88
2025-04-04 00:00:00+00:00,10,6,241,69
2025-04-05 00:00:00+00:00,7,6,912,22
2025-04-06 00:00:00+00:00,4,4,708,20
2025-04-07 00:00:00+00:00,7,3,300,84
2025-04-08 00:00:00+00:00,8,6,219,105
2025-04-09 00:00:00+00:00,3,3,357,86
2025-04-10 00:00:00+00:00,3,3,331,79
2025-04-11 00:00:00+00:00,6,5,138,66
2025-04-12 00:00:00+00:00,4,4,906,30
2025-04-13 00:00:00+00:00,3,3,667,28
2025-04-14 00:00:00+00:00,5,5,311,75
2025-04-15 00:00:00+00:00,5,4,253,79
2025-04-16 00:00:00+00:00,4,3,329,102
2025-04-17 00:00:00+00:00,5,5,258,70
2025-04-18 00:00:00+00:00,10,8,203,46
2025-04-19 00:00:00+00:00,5,5,965,19
2025-04-20 00:00:00+00:00,10,7,732,19
2025-04-21 00:00:00+00:00,8,7,506,64
2025-04-22 00:00:00+00:00,7,6,333,76
2025-04-23 00:00:00+00:00,6,6,290,83
2025-04-24 00:00:00+00:00,10,9,278,97
2025-04-25 00:00:00+00:00,10,7,261,63
2025-04-26 00:00:00+00:00,9,6,1266,25
2025-04-27 00:00:00+00:00,9,7,801,40
2025-04-28 00:00:00+00:00,7,7,336,85
2025-04-29 00:00:00+00:00,5,5,279,65
2025-04-30 00:00:00+00:00,7,4,133,61
2025-05-01 00:00:00+00:00,11,7,300,62
2025-05-02 00:00:00+00:00,10,7,168,51
2025-05-03 00:00:00+00:00,13,10,207,19
2025-05-04 00:00:00+00:00,9,5,420,17
2025-05-05 00:00:00+00:00,7,5,306,66
2025-05-06 00:00:00+00:00,5,5,187,69
2025-05-07 00:00:00+00:00,8,5,219,73
2025-05-08 00:00:00+00:00,8,5,368,79
2025-05-09 00:00:00+00:00,10,7,280,70
2025-05-10 00:00:00+00:00,8,7,304,26
2025-05-11 00:00:00+00:00,12,7,460,16
2025-05-12 00:00:00+00:00,6,6,282,102
2025-05-13 00:00:00+00:00,7,4,293,98
2025-05-14 00:00:00+00:00,13,10,287,70
2025-05-15 00:00:00+00:00,11,8,230,76
2025-05-16 00:00:00+00:00,5,5,253,78
2025-05-17 00:00:00+00:00,8,6,274,20
2025-05-18 00:00:00+00:00,6,6,314,24
2025-05-19 00:00:00+00:00,9,6,236,80
2025-05-20 00:00:00+00:00,7,5,225,80
2025-05-21 00:00:00+00:00,7,4,274,82
2025-05-22 00:00:00+00:00,16,7,661,95
2025-05-23 00:00:00+00:00,15,6,192,60
2025-05-24 00:00:00+00:00,11,5,331,16
2025-05-25 00:00:00+00:00,11,5,487,36
2025-05-26 00:00:00+00:00,12,4,198,58
2025-05-27 00:00:00+00:00,14,5,326,87
2025-05-28 00:00:00+00:00,17,7,194,75
2025-05-29 00:00:00+00:00,16,6,288,85
2025-05-30 00:00:00+00:00,14,5,197,59
2025-05-31 00:00:00+00:00,14,6,257,17
2025-06-01 00:00:00+00:00,11,3,146,18
2025-06-02 00:00:00+00:00,13,6,219,78
2025-06-03 00:00:00+00:00,16,4,195,72
2025-06-04 00:00:00+00:00,14,5,375,99
2025-06-05 00:00:00+00:00,10,4,220,77
2025-06-06 00:00:00+00:00,10,4,234,72
2025-06-07 00:00:00+00:00,15,7,195,23
2025-06-08 00:00:00+00:00,16,5,320,25
2025-06-09 00:00:00+00:00,16,5,241,84
2025-06-10 00:00:00+00:00,17,5,215,86
2025-06-11 00:00:00+00:00,17,10,192,88
2025-06-12 00:00:00+00:00,19,9,211,103
2025-06-13 00:00:00+00:00,16,8,149,69
2025-06-14 00:00:00+00:00,13,7,174,23
2025-06-15 00:00:00+00:00,16,8,65,21
2025-06-16 00:00:00+00:00,14,5,208,105
2025-06-17 00:00:00+00:00,21,7,244,111
2025-06-18 00:00:00+00:00,15,9,155,77
2025-06-19 00:00:00+00:00,17,8,231,72
2025-06-20 00:00:00+00:00,13,5,122,45
2025-06-21 00:00:00+00:00,21,5,84,22
2025-06-22 00:00:00+00:00,15,6,94,21
2025-06-23 00:00:00+00:00,14,8,299,106
2025-06-24 00:00:00+00:00,9,3,151,75
2025-06-25 00:00:00+00:00,12,5,326,126
2025-06-26 00:00:00+00:00,13,7,202,76
2025-06-27 00:00:00+00:00,13,7,180,72
2025-06-28 00:00:00+00:00,13,7,131,21
2025-06-29 00:00:00+00:00,13,7,90,27
2025-06-30 00:00:00+00:00,15,9,184,77
2025-07-01 00:00:00+00:00,16,10,233,84
2025-07-02 00:00:00+00:00,16,10,197,75
2025-07-03 00:00:00+00:00,14,8,283,102
2025-07-04 00:00:00+00:00,15,7,107,49
2025-07-05 00:00:00+00:00,15,9,88,16
2025-07-06 00:00:00+00:00,16,8,81,27
2025-07-07 00:00:00+00:00,15,9,158,56
2025-07-08 00:00:00+00:00,15,9,203,80
2025-07-09 00:00:00+00:00,27,10,180,80
2025-07-10 00:00:00+00:00,18,11,200,78
2025-07-11 00:00:00+00:00,13,7,186,70
2025-07-12 00:00:00+00:00,15,9,64,21
2025-07-13 00:00:00+00:00,16,9,116,30
2025-07-14 00:00:00+00:00,18,7,189,77
2025-07-15 00:00:00+00:00,37,20,320,84
2025-07-16 00:00:00+00:00,14,8,145,54
2025-07-17 00:00:00+00:00,12,5,237,73
2025-07-18 00:00:00+00:00,9,3,333,63
2025-07-19 00:00:00+00:00,16,8,282,28
2025-07-20 00:00:00+00:00,14,8,267,46
2025-07-21 00:00:00+00:00,17,11,230,70
2025-07-22 00:00:00+00:00,12,4,215,75
2025-07-23 00:00:00+00:00,14,5,216,86
2025-07-24 00:00:00+00:00,11,5,301,88
2025-07-25 00:00:00+00:00,14,6,185,59
2025-07-26 00:00:00+00:00,13,7,156,28
2025-07-27 00:00:00+00:00,10,4,95,25
2025-07-28 00:00:00+00:00,16,10,218,67
2025-07-29 00:00:00+00:00,11,3,198,75
2025-07-30 00:00:00+00:00,18,9,166,66
2025-07-31 00:00:00+00:00,17,9,171,64
2025-08-01 00:00:00+00:00,24,10,200,51
2025-08-02 00:00:00+00:00,16,10,188,29
2025-08-03 00:00:00+00:00,21,7,296,22
2025-08-04 00:00:00+00:00,30,13,284,64
2025-08-05 00:00:00+00:00,57,14,238,57
2025-08-06 00:00:00+00:00,13,6,227,77
2025-08-07 00:00:00+00:00,21,5,140,65
2025-08-08 00:00:00+00:00,11,5,174,58
2025-08-09 00:00:00+00:00,13,5,198,19
2025-08-10 00:00:00+00:00,12,6,225,19
2025-08-11 00:00:00+00:00,13,6,312,77
2025-08-12 00:00:00+00:00,18,7,329,142
2025-08-13 00:00:00+00:00,11,3,258,105
2025-08-14 00:00:00+00:00,12,4,289,79
2025-08-15 00:00:00+00:00,12,4,153,47
2025-08-16 00:00:00+00:00,11,5,154,20
2025-08-17 00:00:00+00:00,12,6,201,35
2025-08-18 00:00:00+00:00,11,5,203,73
2025-08-19 00:00:00+00:00,19,10,192,53
2025-08-20 00:00:00+00:00,12,6,134,55
2025-08-21 00:00:00+00:00,15,9,149,56
2025-08-22 00:00:00+00:00,16,8,90,48
2025-08-23 00:00:00+00:00,16,10,132,21
2025-08-24 00:00:00+00:00,14,8,157,24
2025-08-25 00:00:00+00:00,9,8,143,44
2025-08-26 00:00:00+00:00,14,8,129,58
2025-08-27 00:00:00+00:00,11,5,336,78
2025-08-28 00:00:00+00:00,16,8,165,57
2025-08-29 00:00:00+00:00,15,8,161,56
2025-08-30 00:00:00+00:00,12,6,153,22
2025-08-31 00:00:00+00:00,12,6,125,23
2025-09-01 00:00:00+00:00,20,13,185,51
2025-09-02 00:00:00+00:00,12,6,231,67
2025-09-03 00:00:00+00:00,9,9,121,51
2025-09-04 00:00:00+00:00,5,5,229,64
2025-09-05 00:00:00+00:00,10,10,105,46
2025-09-06 00:00:00+00:00,6,6,140,30
2025-09-07 00:00:00+00:00,9,9,107,26
2025-09-08 00:00:00+00:00,6,5,176,65
2025-09-09 00:00:00+00:00,9,9,152,42
2025-09-10 00:00:00+00:00,5,5,107,54
2025-09-11 00:00:00+00:00,9,9,163,60
2025-09-12 00:00:00+00:00,9,9,158,48
2025-09-13 00:00:00+00:00,7,6,192,16
2025-09-14 00:00:00+00:00,9,9,143,20
2025-09-15 00:00:00+00:00,3,3,166,54
